{
    "浴室音": {
      "frequencies": [
        80, 85, 90, 95, 100, 106, 112, 118, 125, 132, 140, 150, 160, 170, 180, 190, 200, 212,
        224, 236, 250, 265, 280, 300, 315, 335, 355, 375, 400, 425, 450, 475, 500, 530, 560,
        600, 630, 670, 710, 750, 800, 850, 900, 950, 1000, 1060, 1120, 1180, 1250, 1320, 1400,
        1500, 1600, 1700, 1800, 1900, 2000, 2120, 2240, 2360, 2500, 2650, 2800, 3000, 3150,
        3350, 3550, 3750, 4000, 4250, 4500, 4750, 5000, 5300, 5600, 6000, 6300, 6700, 7100,
        7500, 8000, 8500, 9000, 9500, 10000, 10600, 11200, 11800, 12500, 13200, 14000, 15000,
        16000, 17000, 18000, 19000, 20000
      ],
      "gains": [
        18.08821982, 15.74182322, 15.34817158, 13.00004156, 12.03459656, 10.23898099,
        8.457094143, 6.819174448, 4.702539977, 2.22339473, -0.126761743, -1.898537323,
        -3.045893247, -3.702218374, -4.39699583, -5.004141659, -5.662450992, -5.622099885,
        -4.125105662, -1.752684447, 2.387269439, 2.377313163, -1.109014552, 0.034674121,
        1.637654622, -0.423553552, -3.437035138, -2.864982578, -0.225080626, -0.597501499,
        0.100449144, -0.747409471, -1.616777098, -2.25298796, -4.006344236, -3.754666055,
        -3.661525098, -4.252603141, -4.977544206, -4.878680804, -9.184840433, -8.368353393,
        -6.917798872, -9.322022222, -9.96, -7.384102981, -5.193583394, -4.978430571,
        -1.347118394, -2.370192956, -1.45, 1.476118891, 0.662015184, 1.22186579, 1.092370839,
        4.383329668, 4.831858847, 3.718500281, 3.095329162, 3.212378988, 2.728855601,
        1.354191381, 0.110012556, -1.339773376, -1.371232248, -0.689911334, -0.796352393,
        -0.339196767, -0.938723047, 0.513992903, -1.391062634, -0.297176995, -1.288495598,
        -0.727104907, -1.02491622, 0.39296448, 0.337494726, 1.353439228, 2.896610746,
        -2.461753883, -4.148283453, -4.559913022, -5.655501785, -5.223698362, -8.120843574,
        -3.890615272, 0.468314489, 1.768356269, -2.557289037, -0.394562263, 2.999749614,
        1.794967294, 2.961868715, 7.838661778, -0.25981936, -2.138564593, -2.494455373
      ]
    },
    "客厅音": {
      "frequencies": [
        63, 67, 71, 75, 80, 85, 90, 95, 100, 106, 112, 118, 125, 132, 140, 150, 160, 170, 180,
        190, 200, 212, 224, 236, 250, 265, 280, 300, 315, 335, 355, 375, 400, 425, 450, 475,
        500, 530, 560, 600, 630, 670, 710, 750, 800, 850, 900, 950, 1000, 1060, 1120, 1180,
        1250, 1320, 1400, 1500, 1600, 1700, 1800, 1900, 2000, 2120, 2240, 2360, 2500, 2650,
        2800, 3000, 3150, 3350, 3550, 3750, 4000, 4250, 4500, 4750, 5000, 5300, 5600, 6000,
        6300, 6700, 7100, 7500, 8000, 8500, 9000, 9500, 10000, 10600, 11200, 11800, 12500,
        13200, 14000, 15000, 16000, 17000, 18000, 19000, 20000
      ],
      "gains": [
        16.95667606, 15.54250448, 14.28440509, 13.25738865, 12.12096354, 11.15286627,
        9.928430593, 9.004928556, 7.69447293, 6.469566649, 5.228775643, 4.124493672,
        2.755625816, 1.409168617, -0.081419681, -1.977950922, -3.827671871, -5.803542022,
        -7.791872945, -9.847417689, -11.78441911, -13.66251791, -14.73961112, -14.83688078,
        -14.09527843, -13.05951778, -12.03910614, -10.91064788, -10.23745566, -9.791616931,
        -9.54112521, -9.389280342, -9.240051923, -8.95468177, -8.803427474, -8.879908483,
        -8.97564196, -9.218337313, -9.47890449, -10.12079351, -10.74925298, -11.76459771,
        -13.164316, -14.95672838, -17.84780892, -20.90728576, -23.75516028, -20.89538282,
        -16.6166, -12.87813247, -10.29414545, -8.069678528, -5.735573166, -2.642110455,
        0.000012, 0.791411543, 2.875272704, 4.310038454, 5.430985365, 6.906685795,
        7.655580154, 5.768976574, 7.248797714, 7.530419232, 8.230366492, 8.318776118,
        8.848262346, 9.386931079, 9.223837711, 8.685613701, 8.24282038, 7.273658518,
        5.879315287, 3.648651763, 0.444651785, -2.903925432, -5.266783404, -4.547477567,
        -1.945065697, -1.003379754, -2.941324886, -0.730683996, -2.816137597, -6.151122831,
        -10.0562541, -8.040201391, -6.412451313, -7.120378347, -6.57521303, -6.49874199,
        0.254391868, 3.383938973, -2.096580254, -6.814508903, -0.390176897, 2.13470983,
        5.349653698, -0.925801053, 4.864850344, 0.119530638, -1.335837471
      ]
    },
    "零增益": {
      "frequencies": [
        63, 67, 71, 75, 80, 85, 90, 95, 100, 106, 112, 118, 125, 132, 140, 150, 160, 170, 180,
        190, 200, 212, 224, 236, 250, 265, 280, 300, 315, 335, 355, 375, 400, 425, 450, 475,
        500, 530, 560, 600, 630, 670, 710, 750, 800, 850, 900, 950, 1000, 1060, 1120, 1180,
        1250, 1320, 1400, 1500, 1600, 1700, 1800, 1900, 2000, 2120, 2240, 2360, 2500, 2650,
        2800, 3000, 3150, 3350, 3550, 3750, 4000, 4250, 4500, 4750, 5000, 5300, 5600, 6000,
        6300, 6700, 7100, 7500, 8000, 8500, 9000, 9500, 10000, 10600, 11200, 11800, 12500,
        13200, 14000, 15000, 16000, 17000, 18000, 19000, 20000
      ],
      "gains": [
        0, 0, 0, 0, 0, 0, 0, 0, 0, 0, 0, 0, 0, 0, 0, 0, 0, 0, 0, 0, 0, 0, 0, 0, 
        0, 0, 0, 0, 0, 0, 0, 0, 0, 0, 0, 0, 0, 0, 0, 0, 0, 0, 0, 0, 0, 0, 0, 0, 
        0, 0, 0, 0, 0, 0, 0, 0, 0, 0, 0, 0, 0, 0, 0, 0, 0, 0, 0, 0, 0, 0, 0, 0, 
        0, 0, 0, 0, 0, 0, 0, 0, 0, 0, 0, 0, 0, 0, 0, 0, 0, 0, 0, 0, 0, 0, 0, 0, 
        0, 0, 0
      ]
    }
  }
  